Quotazioni Fantacalcio Stagione 2025 26;;;;;;;;;;;;
Id;R;RM;Nome;Squadra;Qt.A;Qt.I;Diff.;Qt.A M;Qt.I M;Diff.M;FVM;FVM M
4431;P;Por;Carnesecchi;Atalanta;18;14;4;18;14;4;80;80
2170;P;Por;Milinkovic-Savic V.;Napoli;17;4;13;17;4;13;37;37
5841;P;Por;Svilar;Roma;17;15;2;17;15;2;105;105
6966;P;Por;Butez;Como;16;10;6;16;10;6;95;95
4312;P;Por;Maignan;Milan;16;16;0;16;16;0;88;88
5876;P;Por;Di Gregorio;Juventus;15;16;-1;15;16;-1;30;30
2134;P;Por;Falcone;Lecce;15;6;9;15;6;9;35;35
6462;P;Por;Okoye;Udinese;14;6;8;14;6;8;14;14
2428;P;Por;Sommer;Inter;13;16;-3;13;16;-3;60;60
4360;P;Por;Caprile;Cagliari;12;7;5;12;7;5;20;20
761;P;Por;Audero;Cremonese;12;5;7;12;5;7;11;11
2521;P;Por;De Gea;Fiorentina;12;14;-2;12;14;-2;28;28
4957;P;Por;Montipò;Verona;12;5;7;12;5;7;5;5
133;P;Por;Skorupski;Bologna;11;10;1;11;10;1;14;14
2814;P;Por;Provedel;Lazio;11;12;-1;11;12;-1;15;15
6641;P;Por;Suzuki;Parma;11;7;4;11;7;4;8;8
4236;P;Por;Muric;Sassuolo;10;3;7;10;3;7;6;6
7332;P;Por;Bijlow;Genoa;10;10;0;10;10;0;10;10
188;P;Por;Leali;Genoa;9;8;1;9;8;1;1;1
6662;P;Por;Corvi;Parma;9;1;8;9;1;8;5;5
5320;P;Por;Paleari;Torino;9;1;8;9;1;8;9;9
218;P;Por;Perin;Juventus;8;1;7;8;1;7;10;10
572;P;Por;Meret;Napoli;8;16;-8;8;16;-8;20;20
4867;P;Por;Turati;Sassuolo;8;7;1;8;7;1;5;5
2861;P;Por;Semper;Pisa;7;3;4;7;3;4;3;3
7172;P;Por;Pessina Mas.;Bologna;6;1;5;6;1;5;2;2
5116;P;Por;Martinez Jo.;Inter;5;2;3;5;2;3;1;1
7337;P;Por;Motta;Lazio;5;1;4;5;1;4;15;15
2722;P;Por;Ravaglia F.;Bologna;4;3;1;4;3;1;3;3
6417;P;Por;Furlanetto;Lazio;3;1;2;3;1;2;1;1
6403;P;Por;Christensen O.;Fiorentina;2;1;1;2;1;1;1;1
2297;P;Por;Rossi F.;Atalanta;1;1;0;1;1;0;1;1
4;P;Por;Sportiello;Atalanta;1;1;0;1;1;0;1;1
4929;P;Por;Ciocci;Cagliari;1;1;0;1;1;0;1;1
2809;P;Por;Vigorito;Como;1;1;0;1;1;0;1;1
6505;P;Por;Nava;Cremonese;1;1;0;1;1;0;1;1
6991;P;Por;Siegrist;Genoa;1;1;0;1;1;0;1;1
219;P;Por;Sommariva;Genoa;1;1;0;1;1;0;1;1
1926;P;Por;Di Gennaro;Inter;1;1;0;1;1;0;1;1
1930;P;Por;Pinsoglio;Juventus;1;1;0;1;1;0;1;1
2401;P;Por;Fruchtl;Lecce;1;1;0;1;1;0;1;1
6523;P;Por;Samooja;Lecce;1;1;0;1;1;0;1;1
2815;P;Por;Terracciano;Milan;1;1;0;1;1;0;1;1
6813;P;Por;Torriani;Milan;1;1;0;1;1;0;1;1
2845;P;Por;Contini;Napoli;1;1;0;1;1;0;1;1
5338;P;Por;Rinaldi;Parma;1;1;0;1;1;0;1;1
2271;P;Por;Nicolas;Pisa;1;1;0;1;1;0;1;1
574;P;Por;Scuffet;Pisa;1;3;-2;1;3;-2;1;1
7169;P;Por;Zelezny;Roma;1;1;0;1;1;0;1;1
610;P;Por;Gollini;Roma;1;1;0;1;1;0;1;1
2127;P;Por;Satalino;Sassuolo;1;1;0;1;1;0;1;1
7179;P;Por;Israel;Torino;1;9;-8;1;9;-8;1;1
543;P;Por;Padelli;Udinese;1;1;0;1;1;0;1;1
6842;P;Por;Sava;Udinese;1;4;-3;1;4;-3;1;1
511;P;Por;Perilli;Verona;1;1;0;1;1;0;1;1
7185;P;Por;Nunziante;Udinese;1;1;0;1;1;0;1;1
158;P;Por;Lezzerini;Fiorentina;1;1;0;1;1;0;1;1
2211;P;Por;Silvestri;Cremonese;1;1;0;1;1;0;1;1
7236;P;Por;Toniolo;Verona;1;1;0;1;1;0;1;1
7261;P;Por;Cavlina;Como;1;1;0;1;1;0;1;1
7285;P;Por;Ferrante;Napoli;1;1;0;1;1;0;1;1
7042;P;Por;Calligaris;Inter;1;1;0;1;1;0;1;1
7301;P;Por;Tornqvist;Como;1;1;0;1;1;0;1;1
6650;P;Por;Sherri;Cagliari;1;1;0;1;1;0;1;1
7363;P;Por;Siviero;Torino;1;1;0;1;1;0;1;1
7382;P;Por;Pannozzo;Lazio;1;1;0;1;1;0;1;1
7383;P;Por;Giacomone;Lazio;1;1;0;1;1;0;1;1
254;D;E;Dimarco;Inter;30;19;11;30;18;12;320;320
2788;D;Dc;Bremer;Juventus;20;13;7;20;13;7;74;74
5022;D;Dc;Pavlovic;Milan;17;7;10;17;7;10;60;60
6832;D;E;Palestra;Cagliari;16;3;13;16;2;14;75;75
6893;D;Dc;Kempf;Como;16;5;11;16;5;11;18;18
1852;D;"Ds;E";Spinazzola;Napoli;16;7;9;16;7;9;33;33
5526;D;Dc;Scalvini;Atalanta;15;8;7;15;8;7;22;22
6217;D;Dc;Bisseck;Inter;15;9;6;15;9;6;41;41
2296;D;Dc;Mancini;Roma;15;11;4;15;11;4;54;54
5750;D;Dc;Ostigard;Genoa;15;5;10;15;5;10;50;50
4976;D;"Dd;Dc";Kalulu;Juventus;14;9;5;14;10;4;68;70
4657;D;"B;Dd;E";Celik;Roma;14;7;7;14;8;6;14;17
7181;D;E;Wesley;Roma;14;14;0;14;13;1;46;46
6956;D;Dc;Solet;Udinese;14;11;3;14;11;3;55;55
2120;D;Dc;Bastoni;Inter;13;16;-3;13;16;-3;40;40
4807;D;Dc;Hermoso;Roma;13;3;10;13;3;10;25;25
6986;D;"B;Dd;E";Rensch;Roma;13;5;8;14;6;8;17;20
4159;D;Dc;Akanji;Inter;13;9;4;13;9;4;64;64
554;D;E;Zappacosta;Atalanta;12;13;-1;12;12;0;18;18
5513;D;E;Dumfries;Inter;12;20;-8;12;19;-7;56;56
4317;D;Dc;N'Dicka;Roma;12;10;2;12;10;2;51;51
2160;D;E;Gosens;Fiorentina;11;18;-7;11;17;-6;19;16
5514;D;"Ds;Dc";Vasquez;Genoa;11;9;2;11;10;1;26;29
6766;D;"Ds;Dc";Kelly L.;Juventus;11;7;4;11;8;3;27;30
4409;D;Dc;Rrahmani;Napoli;11;11;0;11;11;0;45;45
5862;D;"Ds;E";Valeri;Parma;11;10;1;11;10;1;22;22
6485;D;"Dd;Dc";Kristensen T.;Udinese;11;5;6;11;5;6;14;16
7211;D;"Dd;E";Athekame;Milan;11;6;5;11;6;5;9;9
5678;D;"Dd;E";Holm;Juventus;10;8;2;10;8;2;8;8
4734;D;"Ds;E";Miranda J.;Bologna;10;9;1;10;9;1;25;25
4994;D;"Dd;E";Vojvoda;Como;10;6;4;10;6;4;12;12
6867;D;"Ds;E";Valle;Como;10;6;4;10;6;4;17;17
5885;D;E;Dodò;Fiorentina;10;11;-1;10;10;0;30;30
2593;D;"Ds;E";Martin;Genoa;10;10;0;10;10;0;11;11
5877;D;"B;Ds;E";Carlos Augusto;Inter;10;10;0;10;11;-1;15;18
6989;D;Dc;Tiago Gabriel;Lecce;10;1;9;10;1;9;25;25
4502;D;"Ds;E";Gallo;Lecce;10;5;5;10;5;5;15;15
6496;D;"Ds;E";Bartesaghi;Milan;10;3;7;10;3;7;15;15
6202;D;Dc;Beukema;Napoli;10;10;0;10;10;0;10;10
2816;D;"Dd;E";Di Lorenzo;Napoli;10;14;-4;10;14;-4;28;28
6664;D;"B;Dd;E";Delprato;Parma;10;8;2;9;9;0;22;25
4263;D;Dc;Kabasele;Udinese;10;3;7;10;3;7;9;9
6869;D;Dc;Ramon;Como;10;4;6;10;4;6;23;23
7220;D;"Dd;E";Belghali;Verona;10;4;6;10;4;6;12;12
5427;D;"Ds;E";Gutierrez;Napoli;10;8;2;10;8;2;12;12
7329;D;"Ds;E";Obrador;Torino;10;6;4;10;6;4;16;16
4210;D;Dc;Mina;Cagliari;9;7;2;9;7;2;12;12
5435;D;"Ds;E";Moreno Alb.;Como;9;3;6;9;3;6;10;10
5520;D;E;Cambiaso;Juventus;9;15;-6;9;14;-5;17;15
5835;D;Dc;Baschirotto;Cremonese;9;8;1;9;8;1;13;13
7143;D;"Ds;E";Angori;Pisa;9;5;4;9;5;4;13;13
6642;D;Dc;Coco;Torino;9;8;1;9;8;1;12;12
7219;D;E;Bernasconi;Atalanta;9;1;8;9;1;8;12;10
393;D;Dc;Luperto;Cremonese;8;7;1;8;7;1;12;12
4433;D;E;Zortea;Bologna;8;16;-8;7;15;-8;12;10
5833;D;Dc;Gila;Lazio;8;9;-1;8;9;-1;16;16
460;D;Dc;Romagnoli;Lazio;8;8;0;8;8;0;16;16
2188;D;"Dd;Ds;E";Marusic;Lazio;8;8;0;8;9;-1;12;15
4751;D;Dc;Tomori;Milan;8;8;0;8;8;0;21;21
2724;D;Dc;Buongiorno;Napoli;8;13;-5;8;13;-5;13;13
6663;D;Dc;Circati;Parma;8;5;3;8;5;3;13;13
7155;D;Dc;Muharemovic;Sassuolo;8;5;3;8;5;3;18;18
4665;D;Dc;Maripan;Torino;8;7;1;8;7;1;8;8
6631;D;Dc;Ghilardi;Roma;8;4;4;8;4;4;11;11
6672;D;Dc;Idzes;Sassuolo;8;7;1;8;7;1;12;12
4137;D;Dc;Diego Carlos;Como;8;5;3;8;5;3;12;12
6550;D;"B;Ds;E";Garcia U.;Sassuolo;8;3;5;8;4;4;17;19
787;D;Dc;Djimsiti;Atalanta;7;8;-1;7;8;-1;13;13
2640;D;"B;Ds;E";Kolasinac;Atalanta;7;7;0;7;7;0;12;14
6042;D;Dc;Lucumì;Bologna;7;8;-1;7;8;-1;12;12
5701;D;"Ds;Dc";Obert;Cagliari;7;4;3;7;4;3;13;15
6660;D;Dc;Marcandalli;Genoa;7;3;4;7;3;4;12;12
6814;D;"Dd;E";Norton-Cuffy;Genoa;7;3;4;7;3;4;14;14
7012;D;Dc;Provstgaard;Lazio;7;3;4;7;3;4;12;12
5812;D;"Dd;Ds;E";Terracciano F.;Cremonese;7;2;5;7;2;5;11;13
4772;D;E;Angelino;Roma;7;15;-8;7;14;-7;7;7
6426;D;"Dd;E";Pedersen;Torino;7;4;3;7;4;3;12;12
6047;D;"Dd;E";Ehizibue;Udinese;7;5;2;7;5;2;10;10
6639;D;"Ds;E";Frese;Verona;7;3;4;7;3;4;12;12
6046;D;Dc;Hien;Atalanta;6;11;-5;6;11;-5;10;10
5578;D;"Dd;Dc";Kossounou;Atalanta;6;9;-3;6;9;-3;8;10
4887;D;E;Bellanova;Atalanta;6;13;-7;6;12;-6;11;12
4461;D;"B;Dd;E";Zappa;Cagliari;6;6;0;6;7;-1;8;10
7014;D;"Dd;Dc";Smolcic I.;Como;6;2;4;6;2;4;12;12
6013;D;"Dd;Ds;E";Barbieri;Cremonese;6;3;3;5;4;1;10;13
4378;D;"Ds;Dc";Ranieri L.;Fiorentina;6;7;-1;6;7;-1;10;12
5449;D;E;Parisi;Fiorentina;6;5;1;6;4;2;12;12
5739;D;"Dd;Dc";De Winter;Milan;6;8;-2;6;9;-3;10;12
6039;D;"B;Ds;E";Cabal;Juventus;6;5;1;6;5;1;9;11
7175;D;E;Joao Mario;Bologna;6;8;-2;6;7;-1;12;12
5620;D;"Ds;E";Tavares N.;Lazio;6;12;-6;6;12;-6;18;18
5527;D;"Dd;E";Zanoli;Udinese;6;3;3;6;3;3;12;12
2273;D;Dc;Caracciolo A.;Pisa;6;4;2;6;4;2;10;10
5010;D;Dc;Ismajli;Torino;6;8;-2;6;8;-2;14;14
5555;D;"Ds;E";Kamara H.;Udinese;6;7;-1;6;7;-1;15;15
5532;D;"Ds;E";Bradaric;Verona;6;4;2;6;4;2;11;11
7240;D;Dc;Siebert;Lecce;6;5;1;6;5;1;14;14
7352;D;Dc;Edmundsson;Verona;6;2;4;6;2;4;12;12
7125;D;"Ds;E";Idrissi R.;Cagliari;5;3;2;5;3;2;9;9
6230;D;Dc;Dossena;Cagliari;5;4;1;5;4;1;8;8
6896;D;"Dd;E";Van Der Brempt;Como;5;4;1;5;4;1;8;8
7131;D;"Dd;E";Floriani Mussolini;Cremonese;5;5;0;5;5;0;12;12
5603;D;Dc;Pongracic;Fiorentina;5;5;0;5;5;0;12;12
513;D;Dc;Acerbi;Inter;5;9;-4;5;9;-4;10;10
5831;D;Dc;Gatti;Juventus;5;8;-3;5;8;-3;8;7
2728;D;"Ds;E";Pellegrini Lu.;Lazio;5;3;2;5;3;2;9;9
6990;D;"Dd;E";Veiga D.;Lecce;5;1;4;5;1;4;13;13
4401;D;Dc;Gabbia;Milan;5;6;-1;5;6;-1;14;14
5840;D;"Ds;E";Olivera;Napoli;5;10;-5;5;10;-5;14;11
5307;D;Dc;Valenti;Parma;5;4;1;5;4;1;10;10
7139;D;Dc;Canestrelli;Pisa;5;3;2;5;3;2;11;11
4374;D;"Dd;Dc";Walukiewicz;Sassuolo;5;5;0;5;6;-1;12;14
5820;D;Dc;Bertola;Udinese;5;6;-1;5;6;-1;9;9
5994;D;"Ds;Dc";Ebosse;Torino;5;4;1;5;5;0;7;9
697;D;E;Cuadrado;Pisa;5;7;-2;5;6;-1;8;8
7018;D;Dc;Nelsson;Verona;5;5;0;5;5;0;11;11
7235;D;Dc;Troilo;Parma;5;6;-1;5;6;-1;12;12
7274;D;Dc;Zè Pedro;Cagliari;5;4;1;5;4;1;11;11
6916;D;"B;Ds;E";Ahanor;Atalanta;4;6;-2;4;7;-3;10;12
7068;D;Dc;Vitik;Bologna;4;8;-4;4;8;-4;7;7
612;D;Dc;Bianchetti;Cremonese;4;3;1;4;3;1;9;9
7130;D;Dc;Folino;Cremonese;4;4;0;4;4;0;8;8
770;D;"Ds;E";Pezzella Giu.;Cremonese;4;5;-1;4;5;-1;10;10
6495;D;Dc;Comuzzo;Fiorentina;4;7;-3;4;7;-3;11;11
256;D;"Ds;Dc";Juan Jesus;Napoli;4;3;1;4;3;1;10;12
5481;D;"Dd;Ds;E";Mazzocchi;Napoli;4;3;1;4;3;1;7;9
5851;D;"Ds;E";Doig;Sassuolo;4;6;-2;4;6;-2;10;10
4385;D;"Dd;E";Lazaro;Torino;4;7;-3;4;7;-3;11;11
6992;D;"B;Dd;E";Oyegoke;Verona;4;2;2;4;2;2;4;5
7212;D;"Ds;Dc";Heggem;Bologna;4;4;0;4;5;-1;12;14
7255;D;"Dd;Ds;E";Britschgi;Parma;4;1;3;4;1;3;8;10
7268;D;"Ds;Dc";Rodriguez Ju.;Cagliari;4;1;3;4;1;3;10;12
6665;D;"Dd;Ds;E";Coulibaly W.;Sassuolo;4;3;1;4;4;0;4;6
487;D;"Dd;E";De Silvestri;Bologna;3;4;-1;3;4;-1;8;8
791;D;"Dd;Ds;E";Sabelli;Genoa;3;5;-2;3;5;-2;10;12
322;D;Dc;De Vrij;Inter;3;9;-6;3;9;-6;9;9
2525;D;"B;Dd;E";Darmian;Inter;3;4;-1;3;5;-2;8;10
327;D;"Dd;Dc";Patric;Lazio;3;4;-1;3;4;-1;10;10
2263;D;"Dd;E";Lazzari;Lazio;3;4;-1;3;4;-1;9;9
6809;D;Dc;Marianucci;Torino;3;3;0;3;3;0;8;8
2745;D;"B;Dd;E";Calabresi;Pisa;3;3;0;3;4;-1;6;8
6211;D;"Ds;E";Zemura;Udinese;3;3;0;3;3;0;8;8
6957;D;Dc;Valentini N.;Verona;3;4;-1;3;4;-1;8;8
7253;D;Dc;Bella-Kotchap;Verona;3;6;-3;3;6;-3;10;10
5168;D;"Ds;E";Tsimikas;Roma;3;4;-1;3;4;-1;8;8
7335;D;Dc;Zatterstrom;Genoa;3;4;-1;3;4;-1;8;8
6149;D;"Ds;E";Carboni F.;Parma;3;2;1;3;2;1;4;4
7353;D;Dc;Pedro Felipe;Sassuolo;3;1;2;3;1;2;3;3
2653;D;"Ds;E";Lykogiannis;Bologna;2;5;-3;2;5;-3;10;10
7069;D;E;Fortini;Fiorentina;2;3;-1;2;3;-1;9;9
6977;D;Dc;Otoa;Genoa;2;2;0;2;2;0;9;9
294;D;Dc;Rugani;Fiorentina;2;3;-1;2;3;-1;10;10
6632;D;Dc;Gaspar K.;Lecce;2;8;-6;2;8;-6;10;10
6883;D;Dc;Jean;Lecce;2;3;-1;2;3;-1;3;3
5273;D;"Ds;E";Estupinan;Milan;2;11;-9;2;11;-9;8;8
252;D;"Ds;E";Biraghi;Torino;2;8;-6;2;8;-6;5;5
7011;D;Dc;Slotsager;Verona;2;2;0;2;2;0;7;7
7202;D;Dc;Ndiaye;Parma;2;4;-2;2;4;-2;5;5
7222;D;"Dd;Ds;E";Cham;Verona;2;1;1;2;1;1;6;6
7260;D;Dc;Ziolkowski;Roma;2;3;-1;2;3;-1;9;9
5156;D;"Ds;E";Nkounkou;Torino;2;3;-1;2;3;-1;8;8
7312;D;"Ds;E";Arizala;Udinese;2;1;1;2;1;1;1;1
7326;D;"Dd;Dc";Helland;Bologna;2;4;-2;2;4;-2;7;7
2006;D;"B;Dd;E";Lirola;Verona;2;4;-2;2;4;-2;7;8
7356;D;Dc;Mlacic;Udinese;2;3;-1;2;3;-1;9;9
7377;D;"Ds;E";Balbo;Fiorentina;2;1;1;2;1;1;4;4
5498;D;Dc;Casale;Bologna;1;4;-3;1;4;-3;9;9
418;D;Dc;Goldaniga;Como;1;4;-3;1;4;-3;6;6
1891;D;"Dd;Dc";Ceccherini;Cremonese;1;4;-3;1;4;-3;7;9
5899;D;Dc;Gigot;Lazio;1;4;-3;1;4;-3;3;3
140;D;"Dd;Ds;E";Hysaj;Lazio;1;3;-2;1;3;-2;4;4
7164;D;"Dd;Dc";Perez M.;Lecce;1;1;0;1;1;0;2;2
7182;D;"Ds;E";Ndaba;Lecce;1;1;0;1;1;0;7;7
7140;D;Dc;Coppola F.;Pisa;1;1;0;1;1;0;4;4
2279;D;Dc;Romagna;Sassuolo;1;4;-3;1;4;-3;8;8
7156;D;"Ds;E";Pieragnolo;Sassuolo;1;2;-1;1;2;-1;3;3
7196;D;Dc;Denoon;Pisa;1;2;-1;1;2;-1;4;4
6985;D;"Ds;Dc";Candè;Sassuolo;1;6;-5;1;6;-5;5;7
7238;D;Dc;Kouadio;Fiorentina;1;1;0;1;1;0;1;1
6870;D;Dc;Faye;Cremonese;1;4;-3;1;4;-3;5;5
7271;D;Dc;Odogu;Milan;1;2;-1;1;2;-1;5;5
388;D;Dc;Albiol;Pisa;1;5;-4;1;5;-4;8;8
7325;D;Dc;Bozhinov;Pisa;1;2;-1;1;2;-1;8;8
7346;D;"Dd;E";Raterink;Cagliari;1;1;0;1;1;0;1;1
6875;C;"T;A";Paz N.;Como;26;20;6;26;20;6;245;245
4777;C;"C;T";McTominay;Napoli;25;26;-1;25;26;-1;215;215
7126;C;T;Baturina;Como;24;9;15;24;8;16;95;95
2194;C;"M;C";Calhanoglu;Inter;24;23;1;24;24;0;190;215
2423;C;"T;A";Pulisic;Milan;24;28;-4;24;28;-4;100;100
2379;C;"C;T";Rabiot;Milan;23;23;0;23;23;0;195;195
2517;C;T;De Bruyne;Napoli;21;23;-2;22;22;0;92;92
5559;C;"C;W;T";Da Cunha;Como;20;12;8;20;13;7;80;85
152;C;"C;T";Zielinski;Inter;20;4;16;20;4;16;60;60
6908;C;C;Atta;Udinese;20;6;14;20;6;14;85;85
2167;C;"W;A";Orsolini;Bologna;19;30;-11;19;29;-10;150;150
2766;C;"T;A";Zaniolo;Udinese;19;11;8;19;10;9;100;100
1870;C;C;Barella;Inter;18;14;4;18;14;4;58;58
4973;C;"M;C";McKennie;Juventus;18;10;8;18;11;7;107;127
6884;C;"W;A";Conceicao;Juventus;18;18;0;18;17;1;65;65
2606;C;C;Modric;Milan;18;12;6;18;12;6;90;90
1933;C;"M;C";Mandragora;Fiorentina;17;14;3;17;14;3;60;70
6717;C;"M;C";Konè I.;Sassuolo;17;6;11;18;7;11;67;77
5687;C;T;Vlasic;Torino;17;15;2;17;14;3;100;100
6151;C;"M;C";Perrone;Como;16;8;8;16;9;7;50;60
4970;C;"C;W";Messias;Genoa;16;8;8;16;8;8;12;12
6398;C;"W;A";Isaksen;Lazio;16;14;2;16;14;2;35;35
4427;C;"C;T";Malinovskyi;Genoa;15;8;7;15;8;7;34;34
4892;C;"E;W";Saelemaekers;Milan;15;12;3;15;14;1;36;39
4220;C;"M;C";Zambo Anguissa;Napoli;15;15;0;16;16;0;20;25
6666;C;C;Bernabè;Parma;15;11;4;15;11;4;23;23
5844;C;"C;T";Thorstvedt;Sassuolo;15;8;7;15;8;7;40;40
6844;C;"W;T";Rowe;Bologna;15;14;1;15;14;1;49;51
5422;C;"E;W";Zalewski;Atalanta;14;6;8;14;6;8;19;19
2529;C;"C;T";Mkhitaryan;Inter;14;9;5;14;9;5;14;14
5562;C;"M;C";Thuram K.;Juventus;14;16;-2;14;17;-3;41;46
6190;C;C;Pisilli;Roma;14;7;7;14;7;7;17;17
6684;C;"C;T";Ekkelenkamp;Udinese;14;10;4;14;10;4;51;51
7314;C;"C;T";Taylor K.;Lazio;14;14;0;14;14;0;52;52
5792;C;"M;C";Ederson D.S.;Atalanta;13;15;-2;13;16;-3;30;35
184;C;"W;A";Bernardeschi;Bologna;13;9;4;13;8;5;33;35
2765;C;"T;A";Odgaard;Bologna;13;16;-3;13;15;-2;14;14
4364;C;T;Gaetano;Cagliari;13;8;5;13;7;6;15;13
5036;C;"C;T";Caqueret;Como;13;12;1;13;12;1;18;18
4486;C;"W;A";Strefezza;Parma;13;10;3;13;10;3;50;50
5800;C;"T;A";Gudmundsson A.;Fiorentina;13;24;-11;13;23;-10;35;35
632;C;"W;A";Zaccagni;Lazio;13;26;-13;12;25;-13;25;25
5504;C;"M;C";Coulibaly L.;Lecce;13;7;6;13;8;5;21;26
536;C;W;Politano;Napoli;13;15;-2;13;14;-1;31;28
779;C;"M;C";Cristante;Roma;13;9;4;13;9;4;26;31
5589;C;"M;C";Konè M.;Roma;13;14;-1;13;15;-2;39;44
530;C;"C;T";Pellegrini Lo.;Roma;13;11;2;13;11;2;24;24
5735;C;"W;T";Volpato;Sassuolo;13;5;8;13;5;8;17;19
5888;C;"C;T";Casadei;Torino;13;12;1;13;12;1;20;20
2077;C;"C;T";Pasalic;Atalanta;12;9;3;12;9;3;14;14
4404;C;"C;T";Thorsby;Cremonese;12;5;7;12;5;7;12;12
827;C;"M;C";Locatelli;Juventus;12;12;0;12;13;-1;47;52
7351;C;"W;A";Santos A.;Napoli;12;7;5;12;6;6;54;54
7133;C;"W;T";Vandeputte;Cremonese;11;12;-1;11;12;-1;15;17
4465;C;C;Fagioli;Fiorentina;11;8;3;11;8;3;35;35
7070;C;C;Sucic P.;Inter;11;9;2;11;9;2;21;21
333;C;"M;C";Cataldi;Lazio;11;5;6;11;5;6;17;22
5674;C;C;Basic;Lazio;11;1;10;11;1;10;25;25
5453;C;"M;C";Ricci S.;Milan;11;10;1;11;11;0;13;15
6898;C;"M;C";Keita M.;Parma;11;6;5;11;7;4;18;23
5651;C;W;Harrison;Fiorentina;11;10;1;11;10;1;23;23
4947;C;"C;T";Brescianini;Fiorentina;10;8;2;10;8;2;15;15
4896;C;"T;A";Maldini;Lazio;10;9;1;11;8;3;20;20
6252;C;"C;T";Folorunsho;Cagliari;10;9;1;10;9;1;14;14
4686;C;"M;C";Fofana Y.;Milan;10;11;-1;10;12;-2;18;23
4199;C;"C;T";Loftus-Cheek;Milan;10;8;2;10;8;2;12;12
4287;C;"M;C";Lobotka;Napoli;10;9;1;11;10;1;20;25
6831;C;"W;A";Neres;Napoli;10;13;-3;10;13;-3;15;15
2334;C;W;Leris;Pisa;10;2;8;10;2;8;12;13
1976;C;"M;C";Mazzitelli;Cagliari;10;5;5;10;5;5;12;15
22;C;"M;C";De Roon;Atalanta;9;12;-3;9;13;-4;22;27
5119;C;T;Samardzic;Atalanta;9;12;-3;9;11;-2;11;10
6054;C;"M;C";Moro N.;Bologna;9;3;6;9;3;6;11;16
6294;C;"M;C";Ndour;Fiorentina;9;2;7;9;2;7;22;27
5791;C;"M;C";Frendrup;Genoa;9;9;0;9;10;-1;15;20
4711;C;"E;W";Kostic;Juventus;9;4;5;9;5;4;8;8
795;C;W;El Shaarawy;Roma;9;8;1;9;7;2;11;11
5823;C;"T;A";Baldanzi;Genoa;9;8;1;9;8;1;15;15
6680;C;"M;C";Karlstrom;Udinese;9;6;3;9;6;3;15;20
5761;C;W;Zhegrova;Juventus;9;19;-10;9;19;-10;12;12
7318;C;"C;T";Gandelman;Lecce;9;6;3;9;6;3;13;13
788;C;"M;C";Freuler;Bologna;8;11;-3;8;12;-4;14;17
5298;C;"M;C";Pobega;Bologna;8;8;0;8;9;-1;13;16
4870;C;"M;C";Adopo;Cagliari;8;5;3;8;6;2;13;15
6020;C;"C;W";Ellertsson;Genoa;8;5;3;8;5;3;10;12
5301;C;"E;W";Luis Henrique;Inter;8;7;1;8;7;1;12;14
6394;C;"M;C";Ramadani;Lecce;8;6;2;8;7;1;13;16
6271;C;"M;C";El Aynaoui;Roma;8;9;-1;8;9;-1;11;14
6815;C;W;Fadera;Sassuolo;8;6;2;8;5;3;10;10
2839;C;"W;A";Sottil;Lecce;8;11;-3;8;10;-2;9;9
7223;C;"W;T";Vergara;Napoli;8;1;7;8;1;7;12;14
2528;C;"M;C";Matic;Sassuolo;8;4;4;9;5;4;13;16
4349;C;"M;C";Nicolussi Caviglia;Parma;8;9;-1;8;10;-2;15;20
6424;C;"M;C";Prati;Torino;7;3;4;7;3;4;11;14
6640;C;W;Felici;Cagliari;7;6;1;6;5;1;7;7
5813;C;"C;T";Miretti;Juventus;7;5;2;7;5;2;12;12
6015;C;"C;T";Berisha M.;Lecce;7;3;4;7;3;4;9;9
6549;C;"W;A";Pierotti;Lecce;7;10;-3;7;9;-2;13;11
5131;C;"M;C";Gilmour;Napoli;7;7;0;7;7;0;12;15
6170;C;C;Gineitis;Torino;7;5;2;7;5;2;9;9
7028;C;C;Bernede;Verona;7;4;3;7;4;3;11;11
7198;C;C;Piotrowski;Udinese;7;6;1;7;6;1;11;11
7208;C;"M;C";Miller L.;Udinese;7;3;4;6;4;2;11;14
7209;C;C;Sorensen O.;Parma;7;6;1;7;6;1;12;12
6005;C;"C;T";Ilkhan;Torino;7;1;6;7;1;6;8;8
6274;C;C;Diouf;Inter;7;7;0;7;7;0;13;13
4479;C;"W;T";Elmas;Napoli;7;11;-4;7;11;-4;13;15
801;C;"M;C";Gagliardini;Verona;7;2;5;7;2;5;12;15
6024;C;"M;C";Sulemana I.;Cagliari;6;4;2;6;4;2;10;11
5784;C;C;Aebischer;Pisa;6;4;2;6;4;2;12;12
6206;C;"C;T";Fabbian;Fiorentina;6;10;-4;6;10;-4;9;9
1871;C;"M;C";Deiola;Cagliari;6;5;1;6;5;1;11;14
6629;C;"C;T";Dele-Bashiru;Lazio;6;11;-5;6;11;-5;14;14
5998;C;"E;W";Zerbin;Cremonese;6;3;3;6;3;3;9;12
7138;C;"M;C";Ordonez C.;Parma;6;5;1;6;6;0;12;15
5318;C;"W;T";Tramoni M.;Pisa;6;12;-6;6;12;-6;10;12
6246;C;"M;C";Lipani;Sassuolo;6;4;2;6;4;2;8;11
6458;C;C;Serdar;Verona;6;5;1;6;5;1;10;10
5858;C;"C;T";Ferguson;Bologna;5;11;-6;5;11;-6;12;12
27;C;"M;C";Grassi;Cremonese;5;4;1;5;4;1;8;10
6917;C;"M;C";Masini;Genoa;5;5;0;5;5;0;7;8
5457;C;"M;C";Maleh;Cremonese;5;6;-1;5;7;-2;5;7
5992;C;"M;C";Bondo;Cremonese;5;3;2;5;3;2;12;15
5295;C;"C;W";Musah;Atalanta;5;6;-1;5;6;-1;11;13
5290;C;"M;C";Estevez;Parma;5;2;3;5;2;3;8;8
7146;C;"E;M";Tourè I.;Pisa;5;6;-1;5;7;-2;12;15
6593;C;"C;T";Akinsanmiro;Pisa;5;3;2;5;3;2;11;11
6481;C;C;Payero;Cremonese;5;4;1;5;4;1;8;8
5286;C;"M;C";Akpa Akpro;Verona;5;1;4;5;1;4;10;16
7322;C;"M;C";Ngom;Lecce;5;1;4;5;1;4;1;1
7331;C;"M;C";Loyola;Pisa;5;7;-2;6;8;-2;11;13
7341;C;"M;C";Amorim;Genoa;5;5;0;5;5;0;11;11
2848;C;"C;T";Frattesi;Inter;4;14;-10;4;14;-10;10;10
5685;C;"C;T";Koopmeiners;Juventus;4;14;-10;4;14;-10;11;11
5319;C;C;Sohm;Bologna;4;12;-8;4;12;-8;12;12
7145;C;"E;M";Piccinini G.;Pisa;4;6;-2;4;7;-3;10;12
5688;C;"W;T";Harroui;Verona;4;7;-3;4;7;-3;10;12
6486;C;"W;T";Suslov;Verona;4;9;-5;4;9;-5;13;13
7203;C;C;Jashari;Milan;4;13;-9;4;13;-9;10;10
6218;C;"W;T;A";Oristanio;Parma;4;12;-8;4;12;-8;10;13
6575;C;"W;A";Zaragoza;Roma;4;7;-3;4;6;-2;10;10
4284;C;"M;C";Sergi Roberto;Como;3;4;-1;3;4;-1;12;14
6010;C;"C;T";Fazzini;Fiorentina;3;11;-8;3;11;-8;10;10
6191;C;"M;C";Belahyane;Lazio;3;4;-1;3;4;-1;7;10
6984;C;"W;A";Ondrejka;Parma;3;13;-10;3;12;-9;9;9
7147;C;"M;C";Hojholt;Pisa;3;1;2;3;1;2;7;8
7150;C;C;Vural;Pisa;3;3;0;3;3;0;6;6
7157;C;C;Iannoni;Sassuolo;3;1;2;3;1;2;8;8
6212;C;"M;C";Zarraga;Udinese;3;2;1;3;2;1;6;7
5850;C;C;Lovric;Verona;3;9;-6;3;9;-6;9;9
7254;C;T;Lorran;Pisa;3;7;-4;3;6;-3;8;8
6112;C;"E;W";Iling Junior;Pisa;3;5;-2;3;5;-2;11;11
7132;C;"M;C";Collocolo;Cremonese;2;8;-6;2;9;-7;8;10
5788;C;T;Sabiri;Fiorentina;2;2;0;2;2;0;4;4
6980;C;W;Venturino;Roma;2;3;-1;2;3;-1;12;12
4459;C;"M;C";Rovella;Lazio;2;8;-6;2;9;-7;8;10
5872;C;"C;T";Helgason;Lecce;2;8;-6;2;8;-6;7;7
7149;C;"M;C";Marin M.;Pisa;2;6;-4;2;6;-4;8;10
6219;C;"M;C";Boloca;Sassuolo;2;6;-4;2;6;-4;4;6
6889;C;"C;T";Anjorin;Torino;2;10;-8;2;10;-8;9;9
5540;C;"M;C";Niasse;Verona;2;3;-1;2;3;-1;9;11
7248;C;"M;C";Gorter;Lecce;2;1;1;2;1;1;1;1
7010;C;"M;C";Al-Musrati;Verona;2;4;-2;2;5;-3;7;8
4677;C;W;Cornet;Genoa;2;7;-5;2;7;-5;5;5
7036;C;"C;T";Bakola;Sassuolo;2;3;-1;2;3;-1;7;7
7165;C;"M;C";Liteta;Cagliari;1;1;0;1;1;0;6;8
6645;C;T;Marchwinski;Lecce;1;1;0;1;1;0;2;2
4890;C;"M;C";Tameze;Torino;1;5;-4;1;5;-4;9;12
5007;C;C;Ilic;Torino;1;7;-6;1;7;-6;8;8
6677;C;"C;T";Adzic;Juventus;1;1;0;1;1;0;1;1
5610;C;"M;C";Vranckx;Sassuolo;1;4;-3;1;5;-4;9;10
7246;C;C;Sala A.;Lecce;1;3;-2;1;3;-2;9;9
5561;C;"W;T";Stengs;Pisa;1;11;-10;1;11;-10;8;8
6538;C;"M;C";Onana J.;Genoa;1;2;-1;1;2;-1;4;4
7276;C;C;Cremaschi;Parma;1;5;-4;1;5;-4;8;8
7319;C;"M;C";Fofana Sa.;Lecce;1;1;0;1;1;0;6;6
7345;C;"W;T";Przyborek;Lazio;1;2;-1;1;2;-1;6;6
7357;C;"C;T";Lahdo;Como;1;2;-1;1;2;-1;5;5
2764;A;Pc;Martinez L.;Inter;33;34;-1;33;34;-1;315;315
4871;A;Pc;Thuram;Inter;32;29;3;32;29;3;270;270
6052;A;Pc;Hojlund;Napoli;27;24;3;27;24;3;213;213
7017;A;Pc;Douvikas;Como;26;8;18;26;7;19;200;200
6434;A;A;Yildiz;Juventus;26;24;2;26;25;1;182;182
531;A;A;Berardi;Sassuolo;25;21;4;25;21;4;90;90
5585;A;A;Malen;Roma;25;14;11;25;14;11;350;350
6435;A;Pc;Krstovic;Atalanta;24;20;4;24;20;4;95;92
5637;A;Pc;Davis K.;Udinese;24;12;12;24;11;13;110;110
2137;A;Pc;Scamacca;Atalanta;23;19;4;23;19;4;95;92
505;A;A;Bonazzoli;Cremonese;22;1;21;22;1;21;40;40
7071;A;Pc;Esposito F.P.;Inter;22;7;15;22;7;15;41;38
2061;A;Pc;Simeone;Torino;22;8;14;23;7;16;99;96
4463;A;A;Esposito Se.;Cagliari;21;7;14;21;7;14;70;70
6060;A;A;Laurientè;Sassuolo;21;15;6;21;15;6;82;82
6669;A;Pc;Bonny;Inter;20;5;15;20;5;15;15;12
4510;A;A;Leao;Milan;20;24;-4;20;24;-4;80;80
5734;A;A;Soulè;Roma;20;20;0;20;21;-1;85;85
7023;A;Pc;Pellegrino M.;Parma;18;13;5;18;12;6;67;64
4728;A;A;Nkunku;Milan;18;20;-2;18;20;-2;43;43
6572;A;Pc;Castro S.;Bologna;17;19;-2;17;19;-2;30;27
5995;A;A;De Ketelaere;Atalanta;16;22;-6;16;23;-7;59;59
2097;A;Pc;Kean;Fiorentina;16;33;-17;16;33;-17;40;37
2841;A;Pc;Vlahovic;Juventus;16;24;-8;16;24;-8;100;100
2489;A;A;Pedro;Lazio;16;13;3;16;13;3;20;20
5455;A;A;Moreo;Pisa;16;5;11;16;5;11;25;25
2038;A;Pc;Pinamonti;Sassuolo;16;16;0;16;16;0;55;52
6646;A;A;Adams C.;Torino;16;14;2;16;14;2;23;23
2499;A;Pc;Vardy;Cremonese;16;15;1;16;15;1;32;29
7129;A;"W;A";Rodriguez Je.;Como;15;5;10;15;5;10;27;30
6001;A;"W;A";Banda;Lecce;15;5;10;15;5;10;22;25
4371;A;A;Raspadori;Atalanta;15;13;2;15;13;2;37;37
2531;A;Pc;Lukaku;Napoli;15;31;-16;15;31;-16;10;10
4923;A;Pc;Colombo;Genoa;14;12;2;14;11;3;37;34
6556;A;A;Noslin;Lazio;14;7;7;14;7;7;24;24
6552;A;Pc;Orban G.;Verona;14;15;-1;14;15;-1;15;12
6164;A;Pc;Vitinha O.;Genoa;13;12;1;12;11;1;20;17
5544;A;Pc;David;Juventus;13;27;-14;13;27;-14;28;25
309;A;A;Dybala;Roma;13;26;-13;13;27;-14;50;50
7162;A;A;Giovane;Napoli;13;1;12;13;1;12;8;8
7199;A;A;Kilicsoy;Cagliari;13;6;7;13;6;7;7;7
4436;A;A;Cambiaghi;Bologna;12;11;1;12;11;1;10;10
6967;A;"W;A";Diao;Como;12;17;-5;12;18;-6;30;33
5506;A;A;Ekuban;Genoa;12;2;10;12;2;10;12;12
7008;A;Pc;Gimenez;Milan;12;25;-13;12;25;-13;12;10
6243;A;Pc;Borrelli;Cagliari;11;5;6;11;4;7;15;12
5500;A;"W;A";Cancellieri;Lazio;11;3;8;11;3;8;12;15
6439;A;Pc;Cheddira;Lecce;11;4;7;11;4;7;23;20
2832;A;"W;A";Boga;Juventus;11;6;5;11;7;4;37;40
5515;A;A;Okereke;Cremonese;10;5;5;10;5;5;5;5
6822;A;A;Ekhator;Genoa;10;1;9;10;1;9;8;8
6675;A;Pc;Dovbyk;Roma;10;21;-11;10;21;-11;8;8
6365;A;Pc;Ferguson E.;Roma;10;19;-9;10;19;-9;12;10
5336;A;Pc;Nzola;Sassuolo;10;12;-2;10;12;-2;15;12
2678;A;Pc;Fullkrug;Milan;10;13;-3;10;13;-3;12;10
7316;A;Pc;Durosinmi;Pisa;10;15;-5;10;15;-5;9;9
7347;A;A;Bowie;Verona;10;6;4;10;6;4;33;33
5918;A;A;Sulemana K.;Atalanta;9;9;0;9;9;0;7;7
4359;A;Pc;Piccoli;Fiorentina;9;17;-8;9;17;-8;15;12
7313;A;Pc;Ratkov;Lazio;9;15;-6;9;15;-6;9;9
608;A;Pc;Zapata D.;Torino;8;20;-12;8;20;-12;15;12
7252;A;Pc;Stulic;Lecce;8;13;-5;8;13;-5;12;10
6380;A;"W;A";Solomon;Fiorentina;8;7;1;9;8;1;18;21
6981;A;Pc;Vaz;Roma;8;10;-2;8;10;-2;11;10
7001;A;"W;A";N'Dri;Lecce;7;5;2;7;5;2;10;12
7249;A;Pc;Buksa;Udinese;7;9;-2;7;9;-2;8;8
6643;A;Pc;Dallinga;Bologna;6;10;-4;6;10;-4;9;9
7127;A;"W;A";Addai;Como;6;7;-1;6;7;-1;9;10
5672;A;Pc;Dia;Lazio;6;20;-14;6;20;-14;9;9
6827;A;A;Njie;Torino;6;1;5;6;1;5;4;4
7342;A;Pc;Elphege;Parma;6;1;5;6;1;5;18;15
7128;A;"W;A";Kuhn;Como;5;14;-9;5;15;-10;9;9
5471;A;Pc;Djuric;Cremonese;5;9;-4;5;8;-3;8;8
6836;A;Pc;Meister;Pisa;5;2;3;5;2;3;9;9
441;A;Pc;Belotti;Cagliari;5;12;-7;4;11;-7;10;10
7272;A;Pc;Gueye;Udinese;5;1;4;5;1;4;1;1
7374;A;Pc;Mendy P.;Cagliari;5;1;4;5;1;4;15;12
479;A;Pc;Sanabria;Cremonese;4;7;-3;4;6;-2;10;10
6159;A;A;Sarr A.;Verona;4;8;-4;4;8;-4;8;8
6630;A;Pc;Mosquera;Verona;4;6;-2;4;6;-2;8;8
6314;A;Pc;Openda;Juventus;4;22;-18;4;22;-18;8;8
7344;A;Pc;Stojilkovic;Pisa;4;4;0;4;4;0;7;7
7349;A;Pc;Kulenovic;Torino;4;5;-1;4;5;-1;9;9
6895;A;"W;A";Dominguez B.;Bologna;3;9;-6;3;9;-6;8;8
247;A;Pc;Pavoletti;Cagliari;3;1;2;3;1;2;7;7
6207;A;"W;A";Almqvist;Parma;3;4;-1;3;4;-1;7;8
6519;A;Pc;Camarda;Lecce;2;12;-10;2;12;-10;8;8
7161;A;Pc;Bayo V.;Udinese;2;4;-2;2;4;-2;8;8
313;A;Pc;Morata;Como;2;18;-16;2;18;-16;10;10
7239;A;Pc;Braschi;Fiorentina;2;1;1;2;1;1;1;1
6555;A;Pc;Moumbagna;Cremonese;2;6;-4;2;6;-4;5;5
7338;A;A;Albarracin;Cagliari;2;1;1;2;1;1;1;1
7381;A;Pc;Mikolajewski;Parma;2;1;1;2;1;1;1;1
2012;A;Pc;Milik;Juventus;1;1;0;1;1;0;5;5
7158;A;Pc;Moro L.;Sassuolo;1;1;0;1;1;0;1;1
7183;A;A;Aboukhlal;Torino;1;9;-8;1;9;-8;8;8
7213;A;Pc;Frigan;Parma;1;7;-6;1;6;-5;5;5
7262;A;A;Balentien;Milan;1;1;0;1;1;0;1;1
7277;A;Pc;Arena A.;Roma;1;1;0;1;1;0;1;1
7309;A;Pc;Isaac;Verona;1;1;0;1;1;0;1;1
7317;A;Pc;Trepy;Cagliari;1;1;0;1;1;0;1;1
7368;A;Pc;Vermesan;Verona;1;1;0;1;1;0;1;1
7388;A;A;Mosconi;Inter;1;1;0;1;1;0;1;1
